[
    {
      "id": "573f358cbd70b5b843a2d624",
      "name": "Mendez",
      "age": 30,
      "gender": "male",
      "department": "Backend",
      "address": {
        "city": "Moscow",
        "street": "Fayette Street 923"
      }
    },
    {
      "id": "573f358cd8f171e84cdb40b3",
      "name": "Sharon",
      "age": 24,
      "gender": "female",
      "department": "Backend",
      "address": {
        "city": "Moscow",
        "street": "Brighton Avenue 666"
      }
    },
    {
      "id": "573f358cb573118345f1e55f",
      "name": "June",
      "age": 22,
      "gender": "female",
      "department": "Hr",
      "address": {
        "city": "New-York",
        "street": "Williamsburg Street 268"
      }
    },
    {
      "id": "573f358ca134f7aec0417193",
      "name": "Eaton",
      "age": 33,
      "gender": "male",
      "department": "Hr",
      "address": {
        "city": "Moscow",
        "street": "Batchelder Street 990"
      }
    },
    {
      "id": "573f358cb2c9fd3a6fcd3e73",
      "name": "Lana",
      "age": 24,
      "gender": "female",
      "department": "Hr",
      "address": {
        "city": "New-York",
        "street": "Richards Street 770"
      }
    },
    {
      "id": "573f358c7e16f1add63e0f9e",
      "name": "Campos",
      "age": 30,
      "gender": "male",
      "department": "Hr",
      "address": {
        "city": "Moscow",
        "street": "Ruby Street 696"
      }
    },
    {
      "id": "573f358c024a75147cb23fe9",
      "name": "Henderson",
      "age": 22,
      "gender": "male",
      "department": "Backend",
      "address": {
        "city": "Voronezh",
        "street": "Tennis Court 224"
      }
    },
    {
      "id": "573f358cd07af5e2654a60ab",
      "name": "Silva",
      "age": 33,
      "gender": "male",
      "department": "Backend",
      "address": {
        "city": "Voronezh",
        "street": "Carlton Avenue 633"
      }
    },
    {
      "id": "573f358cb53a64be9176ed09",
      "name": "Baxter",
      "age": 21,
      "gender": "male",
      "department": "Backend",
      "address": {
        "city": "Spb",
        "street": "Kensington Street 628"
      }
    },
    {
      "id": "573f358c5fa53b8c1ab1f0d5",
      "name": "Coleman",
      "age": 29,
      "gender": "male",
      "department": "Backend",
      "address": {
        "city": "New-York",
        "street": "Division Avenue 473"
      }
    },
    {
      "id": "573f358c50b29e789672404e",
      "name": "Noreen",
      "age": 26,
      "gender": "female",
      "department": "Hr",
      "address": {
        "city": "Moscow",
        "street": "Stillwell Place 964"
      }
    },
    {
      "id": "573f358c1b147d22f6b7cfea",
      "name": "Tammi",
      "age": 22,
      "gender": "female",
      "department": "Hr",
      "address": {
        "city": "Voronezh",
        "street": "Willoughby Street 918"
      }
    },
    {
      "id": "573f358c9ecd6d19c0198a02",
      "name": "Ivy",
      "age": 25,
      "gender": "female",
      "department": "Hr",
      "address": {
        "city": "Spb",
        "street": "Interborough Parkway 304"
      }
    },
    {
      "id": "573f358c083b6d05baf02041",
      "name": "Lori",
      "age": 21,
      "gender": "female",
      "department": "Frontend",
      "address": {
        "city": "Spb",
        "street": "Ash Street 148"
      }
    },
    {
      "id": "573f358cef22c873a40a7b4b",
      "name": "Lilly",
      "age": 31,
      "gender": "female",
      "department": "Hr",
      "address": {
        "city": "Moscow",
        "street": "Ditmas Avenue 744"
      }
    }
  ]